Title,Price,Rating,Availability
"HP USB Wireless Spill Resistance Keyboard and Mouse Set with 10m Working Range 2.4G Wireless Technology / 3 Years Warranty (4SC12PA), Black",1098.0,8862,In stock
"Amazon Basics Wireless Rechargeable Dual Connectivity Keyboard and Mouse Set - Multidevice Wireless Keyboard Full Size and Mouse, for Windows, Mac, Android, Smart TV, Tablet, PC, Laptop",1999.0,39,In stock
Zebronics Zeb-Companion 107 USB Wireless Keyboard and Mouse Set with Nano Receiver (Black),549.0,15067,In stock
"Dell USB Wireless Keyboard and Mouse Set- KM3322W, Anti-Fade & Spill-Resistant Keys, up to 36 Month Battery Life, 3Y Advance Exchange Warranty, Black",1248.0,7540,In stock
"HP USB Wireless Spill Resistance Keyboard and Mouse Set with 10m Working Range 2.4G Wireless Technology / 3 Years Warranty (4SC12PA), Black",1098.0,8862,In stock
"Logitech MK215 Wireless Keyboard and Mouse Combo, 2.4 GHz Wireless, 3 Years Warranty, Compact Design, 2-Year Battery Life(Keyboard),5 Month Battery Life(Mouse) PC/Laptop- Black",1199.0,27769,In stock
"Logitech MK240 Nano Wireless USB Keyboard and Mouse Set, 12 Function Keys 2.4GHz Wireless, 1000DPI, Spill-Resistant Design, PC/Mac, Black/Chartreuse Yellow",1494.0,8916,In stock
"Portronics Key2-A Combo of Multimedia Wireless Keyboard & Mouse, Compact Light-Weight for PCs, Laptops and Smart TV, White",898.0,7209,In stock
"ZEBRONICS Zeb-Companion 500 2.4GHz Wireless Keyboard and Mouse Set, USB Nano Receiver, Chiclet Keys, Ultra Silent, Power On/Off Switch, Rupee Key, for PC/Mac/Laptop (White)",998.0,2712,In stock
"Logitech MK270r Wireless Keyboard and Mouse Combo for Windows, 2.4 GHz Wireless, Spill-resistant Design, 8 Multimedia & Shortcut Keys, 2-Year Battery Life, PC/Laptop- Black",1499.0,20495,In stock
HP 230 Wireless White Keyboard and Mouse Combo 1600 DPI (3L1F0AA),1999.0,89,In stock
HP 230 Wireless White Keyboard and Mouse Combo 1600 DPI (3L1F0AA),1999.0,89,In stock
"Ant Value FKBRI05 Multimedia Wireless Keyboard & Mouse Combo, Compact Light-Weight for PCs, Laptops & Smart TV (Blue)",579.0,1112,In stock
"HP KM200 Wireless Mouse and Keyboard Combo, Full-Size Ergonomic Design, 3 Button and Built-in Scroll Wheel, 2.4 GHz Wireless connectio, 3 Years Warranty (7J4G8AA)",999.0,0,In stock
Amazon Basics Wireless Keyboard and Mouse Set | 1000 DPI Mouse | 12 Function Keys | Compatible with Mac and Windows | Silent Keys | Auto Stand-by | Spill-Resistant (Black),749.0,2,In stock
"Portronics Key2 Combo Wireless Keyboard and Mouse Set, with 2.4 GHz USB Receiver, Silent Keystrokes, 1200 DPI Optical Tracking, Compact Design, Multimedia Keys for PC, Laptop & USB Supported Devices (Black)",928.0,4260,In stock
"Portronics Key2 Combo Wireless Keyboard and Mouse Set, with 2.4 GHz USB Receiver, Silent Keystrokes, 1200 DPI Optical Tracking, Compact Design, Multimedia Keys for PC, Laptop & USB Supported Devices (Grey)",929.0,852,In stock
"Logitech MK235 Wireless Keyboard and Mouse Set for Windows, 2.4 GHz Wireless Unifying USB Receiver, 15 FN Keys, Long Battery Life, Compatible with PC, Laptop - Black",1494.0,3273,In stock
"Logitech MK240 Nano USB Wireless Keyboard and Mouse Set, 12 Function Keys 2.4GHz Wireless, 1000DPI,Spill-Resistant Design, PC/Mac, White/Vivid Red",1494.0,8916,In stock
"cimetech Wireless Keyboard and Mouse, 2.4G USB Portable Ergonomic Keyboard Mouse Combo with Ultra-Thin Design, Compact Full Size Slim Keyboard for Mac, Windows, Laptop, Computer - Grey",2089.0,7261,In stock
"cimetech Wireless Keyboard and Mouse, 2.4G USB Portable Ergonomic Keyboard Mouse Combo with Ultra-Thin Design, Compact Full Size Slim Keyboard for Mac, Windows, Laptop, Computer- Turqouise",2236.0,3816,In stock
"cimetech Wireless Keyboard and Mouse, 2.4G USB Portable Ergonomic Keyboard Mouse Combo with Ultra-Thin Design, Compact Full Size Slim Keyboard for Mac, Windows, Laptop, Computer - Grey",2089.0,7261,In stock
"cimetech Wireless Keyboard and Mouse, 2.4G USB Portable Ergonomic Keyboard Mouse Combo with Ultra-Thin Design, Compact Full Size Slim Keyboard for Mac, Windows, Laptop, Computer- Turqouise",2236.0,3816,In stock
"Amazon Basics Wireless Rechargeable Dual Connectivity Keyboard and Mouse Set - Multidevice Wireless Keyboard Full Size and Mouse, for Windows, Mac, Android, Smart TV, Tablet, PC, Laptop",1999.0,39,In stock
"Logitech MK470 Slim Wireless Keyboard and Mouse Combo - Modern Compact Layout, Ultra Quiet, 2.4 GHz USB Receiver, Plug n' Play Connectivity, Compatible with Windows - White",3899.0,624,In stock
"Zebronics Zeb-Companion 500 2.4GHz Wireless Keyboard & Mouse Combo, USB Nano Receiver, Chiclet Keys, Ultra Silent, Power On/Off Switch, Rupee Key, for PC/Mac/Laptop",998.0,2712,In stock
"Logitech MK345 Wireless Keyboard and Mouse Set Full-Sized Keyboard with Palm Rest and Comfortable Right-Handed Mouse, 2.4 GHz Wireless USB Receiver, Compatible with PC, Laptop - Black",2194.0,7079,In stock
HP 230 Black Chicklet Wireless USB Keyboard and Mouse Set with 2.4GHz Wireless Connection and 12 Function Keys/ 16 Months Battery Life/ 1600 dpi/Black (18H24AA),1799.0,816,In stock
"ZEBRONICS Newly launched Companion 301 2.4GHz Wireless Keyboard & Mouse Combo with UV Printed, Retro Style Keys, 104 + 12 Integrated Multimedia Keys, 1600 DPI, High Precision (Aqua Green)",1799.0,236,In stock
"Portronics Key2-A Combo of Multimedia Wireless Keyboard & Mouse, Compact Light-Weight for PCs, Laptops and Smart TV, White",898.0,7209,In stock
"Portronics Key2 Combo Wireless Keyboard and Mouse Set, with 2.4 GHz USB Receiver, Silent Keystrokes, 1200 DPI Optical Tracking, Compact Design, Multimedia Keys for PC, Laptop & USB Supported Devices (Black)",928.0,4260,In stock
"Dell KM5221W Pro Wireless USB Keyboard and Mouse Set Quiet Keyboard, Full-Sized Keyboard, Ambidextrous Mouse, Upto 36 Month Battery Life, 3Y Advance Exchange Warranty, Black",2299.0,550,In stock
"Lapcare WL-102 2.4G Wireless Keyboard and High Precision Mouse with Advanced Optical Sensor Technology, Black",559.0,92,In stock
Amkette Primus Neo 2.4 Ghz Advanced Wireless Keyboard and Mouse Set | Intelligent Auto Sleep Function | Space Saving and Ergonomic | Mouse On/Off Switch | 3 DPI Settings | USB Nano Receiver (Black),799.0,197,In stock
"Portronics Key7 Combo Wireless Keyboard & Mouse Set with 2.4 GHz USB Receiver, 10m Working Range, 12 Shortcut Keys, Adjustable DPI, 10 Million Key Life & Click Life for PC, Laptop, Mac (Black)",799.0,37,In stock
"ZEBRONICS Zeb-Transformer-k USB Gaming Keyboard with Multicolor LED Effect & Zeb-Jaguar Wireless Mouse, 2.4GHz with USB Nano Receiver, High Precision Optical Tracking, 4 Buttons",1197.0,0,In stock
"Dell Wireless Keyboard and Mouse - KM3322W, Wireless - 2.4GHz, Optical LED Sensor, Mechanical Scroll, Anti-Fade Plunger Keys, 6 Multimedia Keys, Tilt Leg - Black",1595.0,257,In stock
"Zebronics Companion 300 (Retro Style) Wireless Mouse & Keyboard Combo with 2.4GHz Nano Receiver, Rounded Keys, Integrated Multimedia Control and Power Saving Mode(Blue)",1998.0,236,In stock
"Portronics Bubble Multimedia Wireless Keyboard 2.4 GHz & Toad Ergo Vertical Advanced Wireless Ergonomic Mouse 2.4Ghz, 6D Button, Wrist Support, Adjustable DPI Upto 1200, Supports Hand Posture(Black)",1367.0,1,In stock
"iClever Wireless Keyboard & Mouse Combo GK03 -2.4G Portable Wireless Keyboard Mouse with Rechargeable Battery, Ergonomic Design, Full Size, Slim & Thin, Stable Connection, Adjustable DPI, Silver/White",2699.0,4775,In stock
"Amazon Basics Wired Gaming Keyboard and Mouse Combo | Multicolor RGB LED Backlight Effects, Multimedia Keys, Durable Aluminum Body",1229.0,2276,In stock
Amkette Primus Neo 2.4 Ghz Advanced Wireless Keyboard and Mouse Set | Intelligent Auto Sleep Function | Space Saving and Ergonomic | Mouse On/Off Switch | 3 DPI Settings | USB Nano Receiver (Black),799.0,197,In stock
"Portronics Key7 Combo Wireless Keyboard & Mouse Set with 2.4 GHz USB Receiver, 10m Working Range, 12 Shortcut Keys, Adjustable DPI, 10 Million Key Life & Click Life for PC, Laptop, Mac (Black)",799.0,37,In stock
"Lenovo 510 Wireless Keyboard and Mouse Set, 2.4 GHz Nano USB Receiver, Full Size, Island Key Design, Left or Right Hand, 1200 DPI Optical Mouse, GX30N81775, Black",1799.0,8271,In stock
"Logitech MK240 Nano USB Wireless Keyboard and Mouse Set, 12 Function Keys 2.4GHz Wireless, 1000DPI,Spill-Resistant Design, PC/Mac, White/Vivid Red",1494.0,8916,In stock
Amkette Primus Neo 2.4 Ghz Advanced Wireless Keyboard and Mouse Set | Intelligent Auto Sleep Function | Space Saving and Ergonomic | Mouse On/Off Switch | 3 DPI Settings | USB Nano Receiver (Black),799.0,197,In stock
Rapoo 8000M Multi-Mode Keyboard and Mouse Set Bluetooth 3.0/4.0 Wireless 2.4 GHz 1300 DPI Combo- Black,1544.0,66,In stock
"Amazon Basics Wireless Rechargeable Dual Connectivity Keyboard and Mouse Set - Multidevice Wireless Keyboard Full Size and Mouse, for Windows, Mac, Android, Smart TV, Tablet, PC, Laptop",1999.0,39,In stock
"Ant Value FKBRI05 Wireless Keyboard and Mouse Set, Compact Light-Weight for PCs, Laptops & Smart TV (Pink, White)",579.0,1112,In stock
"Logitech MK235 Wireless Keyboard and Mouse Set for Windows, 2.4 GHz Wireless Unifying USB Receiver, 15 FN Keys, Long Battery Life, Compatible with PC, Laptop - Black",1494.0,3273,In stock
"Lenovo 100 Wireless Keyboard & Mouse Combo, Ambidextrous 1000 DPI Mouse Optical Sensor, upto 3M clicks, Ultra slim water resistant keyboard, 2.4 GHz Wireless Nano USB, upto 1yr battery life GX30L66303",1649.0,8271,In stock
"cimetech Bluetooth Keyboard Mouse Combo, Slim Portable Ergonomic Wireless Keyboard and Rechargeable Mouse Compatible with Laptop, iPad, Tablet, PC, Smartphone - Black",3299.0,2462,In stock
"cimetech Wireless Keyboard and Mouse, 2.4G USB Portable Ergonomic Keyboard Mouse Combo with Ultra-Thin Design, Compact Full Size Slim Keyboard for Mac, Windows, Laptop, Computer - Gold",2399.0,7261,In stock
"ZEBRONICS Zeb-Jaguar Wireless Mouse, 2.4GHz with USB Nano Receiver & ZEB-KM2100 Multimedia USB Keyboard Comes with 114 Keys Including 12 Dedicated Multimedia Keys & with Rupee Key",596.0,2,In stock
"Tizum 2.4 GHz Retro Wireless Keyboard & Optical Mouse Combo with 2-in-1 Nano Receiver, Power Saving Auto-Sleep, Typewriter Inspired Round Keycaps Design, 86 Keys, 1000-DPI for MAC Windows iOS Android",1299.0,171,In stock
"Zebronics Companion 110 Wireless Keyboard and Mouse Set with Bluetooth multiconnect, 2.4GHz Receiver, 2 Months* Backup, 1600DPI, Smartphone/Tablet Holder, Built in Rechargeable Battery",1398.0,297,In stock
"i GEAR KeyBee Retro Typewriter Inspired 2.4GHz Wireless Keyboard with Mouse Combo for Desktop/Laptop and Devices with USB Support, Single Nano Receiver, Round Keycaps, Cleaning Brush (Green)",1799.0,1548,In stock
"Amkette Xcite Pro USB wired Keyboard & Mouse Combo for Laptop, PC and USB Support Devices with 10 dedicated Multimedia Keys and 3 LED Indicators & high precision 1000 DPI mouse. (Black)",529.0,5098,In stock
"Logitech MK295 Silent Wireless Mouse & Keyboard Combo with SilentTouch Technology, Full Numpad, Advanced Optical Tracking, Lag-Free Wireless, 90% Less Noise - Black",2295.0,20495,In stock
"cimetech Wireless Keyboard and Mouse, 2.4G USB Portable Ergonomic Keyboard Mouse Combo with Ultra-Thin Design, Compact Full Size Slim Keyboard for Mac, Windows, Laptop, Computer - Gold",2399.0,7261,In stock
Amazon Basics Wireless Keyboard and Mouse Set | 1000 DPI Mouse | 12 Function Keys | Compatible with Mac and Windows | Silent Keys | Auto Stand-by | Spill-Resistant (Black),749.0,2,In stock
"Zebronics Companion 110 Wireless Keyboard and Mouse Set with Bluetooth multiconnect, 2.4GHz Receiver, 2 Months* Backup, 1600DPI, Smartphone/Tablet Holder, Built in Rechargeable Battery",1398.0,297,In stock
"ASUS Wireless Keyboard and Silent Optical Mouse Set CW100, Up to 1600dpi,RF 2.4GHz, (Black)",1499.0,69,In stock
"i GEAR KeyBee Interchangeable/Customizeable Typewriter Inspired 2.4GHz Wireless Keyboard with Mouse for Desktop/Laptop, Single Nano Receiver, Round Keycaps, Cleaning Brush (White and Blue)",2499.0,1548,In stock
ZEBRONICS Zeb-Shine Wireless Mouse(White) & ZEB-KM2100 Multimedia USB Keyboard Comes with 114 Keys Including 12 Dedicated Multimedia Keys & with Rupee Key,496.0,3,In stock
"ZEBRONICS Newly launched Companion 301 2.4GHz Wireless Keyboard & Mouse Combo with UV Printed, Retro Style Keys, 104 + 12 Integrated Multimedia Keys, 1600 DPI, High Precision (Black + Grey)",1799.0,236,In stock
"cimetech Wireless Keyboard and Mouse, 2.4G USB Portable Ergonomic Keyboard Mouse Combo with Ultra-Thin Design, Compact Full Size Slim Keyboard for Mac, Windows, Laptop, Computer - Grey",2089.0,7261,In stock
"i GEAR KeyBee Retro Typewriter Inspired 2.4GHz Wireless Keyboard with Mouse Combo for Desktop/Laptop and Devices with USB Support, Single Nano Receiver, Round Keycaps, Cleaning Brush (Blue)",1799.0,1548,In stock
"Portronics Key2 Combo Wireless Keyboard and Mouse Set, with 2.4 GHz USB Receiver, Silent Keystrokes, 1200 DPI Optical Tracking, Compact Design, Multimedia Keys for PC, Laptop & USB Supported Devices (Black)",928.0,4260,In stock
"Logitech MK295 Silent Wireless Mouse & Keyboard Combo with SilentTouch Technology, Full Numpad, Advanced Optical Tracking, Lag-Free Wireless, 90% Less Noise - Black",2295.0,20495,In stock
"ZEBRONICS Zeb-Companion 500 2.4GHz Wireless Keyboard & Mouse Combo & Zeb-Dash Plus 2.4GHz High Precision Wireless Mouse with up to 1600 DPI, Power Saving Mode, Nano Receiver and Plug & Play Usage -USB",1196.0,2712,In stock
"Logitech Pebble 2 Combo, Wireless Keyboard and Mouse, Quiet and Portable, Customisable, Logi Bolt, Bluetooth, Easy-Switch for Windows, macOS, iPadOS, Chrome - Tonal Graphite",4495.0,20,In stock
"Logitech MK345 Wireless Keyboard and Mouse Set Full-Sized Keyboard with Palm Rest and Comfortable Right-Handed Mouse, 2.4 GHz Wireless USB Receiver, Compatible with PC, Laptop - Black",2194.0,7079,In stock
"Dell Premier Wireless Keyboard and Mouse Set KM7321W, Connect 3 Devices 2xBluetooth, 1xWireless, Quiet Full-Sized Keyboard, Adjustable dpi Mouse, Programmable Shortcut Keys, Grey",5457.0,249,In stock
"i GEAR KeyBee Retro Typewriter Inspired 2.4GHz Wireless Keyboard with Mouse Combo for Desktop/Laptop and Devices with USB Support, Single Nano Receiver, Round Keycaps, Cleaning Brush (Blue)",1799.0,1548,In stock
"Zebronics DC Joker Edition Companion 500 Wireless Combo with Silent use, Chiclet Keys, 1600 DPI, Power Saver, ON/Off Switch, Integrated Multimedia and Slim Design",1198.0,2712,In stock
"Portronics Key7 Combo Wireless Keyboard & Mouse Set with 2.4 GHz USB Receiver, 10m Working Range, 12 Shortcut Keys, Adjustable DPI, 10 Million Key Life & Click Life for PC, Laptop, Mac (Black)",799.0,37,In stock
Amkette Primus Neo 2.4 Ghz Advanced Wireless Keyboard and Mouse Set | Intelligent Auto Sleep Function | Space Saving and Ergonomic | Mouse On/Off Switch | 3 DPI Settings | USB Nano Receiver (Black),799.0,197,In stock
"Amazon Basics Wired Keyboard and Mouse Combo l 1200 DPI l for Windows, Mac OS Computer",429.0,142,In stock
"Portronics Key2 Combo Wireless Keyboard and Mouse Set, with 2.4 GHz USB Receiver, Silent Keystrokes, 1200 DPI Optical Tracking, Compact Design, Multimedia Keys for PC, Laptop & USB Supported Devices (Grey)",929.0,852,In stock
"Logitech MK345 Wireless Keyboard and Mouse Set Full-Sized Keyboard with Palm Rest and Comfortable Right-Handed Mouse, 2.4 GHz Wireless USB Receiver, Compatible with PC, Laptop - Black",2194.0,7079,In stock
"Zebronics Companion 111 Wireless Keyboard Mouse Set with 2.4GHz Nano Receiver, 103 Keys, 1600DPI, Integrated Multimedia, High Precision, Advanced Optical Sensor & Power Saving Mode (Graphite Red)",998.0,205,In stock
"Zebronics DC Black ADAM Edition Companion 500 Wireless Combo with Silent use, Chiclet Keys, 1600 DPI, Power Saver, ON/Off Switch, Integrated Multimedia and Slim Design",1198.0,2712,In stock
"Portronics Key2-A Combo of Multimedia Wireless Keyboard & Mouse, Compact Light-Weight for PCs, Laptops and Smart TV, White & MPORT 31C 4-in-1 USB Hub (Type C to 4 USB-A Ports) with Fast Data Transfer",1226.0,7209,In stock
"iClever GK08 Wireless Keyboard and Mouse - Rechargeable, Ergonomic, Quiet, Full Size Design with Number Pad, 2.4G Stable Connection Slim Mac Keyboard and Mouse for Windows, Mac OS Computer, Silver",2436.0,1455,In stock
"Portronics Key2 Combo Wireless Keyboard and Mouse Set, with 2.4 GHz USB Receiver, Silent Keystrokes, 1200 DPI Optical Tracking, Compact Design, Multimedia Keys for PC, Laptop & USB Supported Devices (Black)",928.0,4260,In stock
"iClever Wireless Keyboard and Mouse Set DK03, Rechargeable Dual-Mode (Bluetooth+2.4G) Bluetooth Keyboard and Mouse Set, Ultra-Slim Multi-Device Keyboard for Mac, iPad, Apple, Android, Windows,Grey",3399.0,308,In stock
"Logitech Pebble 2 Combo, Wireless Keyboard and Mouse, Quiet and Portable, Customisable, Logi Bolt, Bluetooth, Easy-Switch for Windows, macOS, iPadOS, Chrome - Tonal White",4402.0,20,In stock
"cimetech Wireless Keyboard and Mouse, 2.4G USB Portable Ergonomic Keyboard Mouse Combo with Ultra-Thin Design, Compact Full Size Slim Keyboard for Mac, Windows, Laptop, Computer - Pink",2225.0,3816,In stock
"cimetech Wireless Keyboard and Mouse, 2.4G USB Portable Ergonomic Keyboard Mouse Combo with Ultra-Thin Design, Compact Full Size Slim Keyboard for Mac, Windows, Laptop, Computer- Turqouise",2236.0,3816,In stock
HP Stylish Ultra-Slim Design Bluetooth Keyboard and Mouse Set with Enhanced Multimedia Experience & Spill Resistance Technology and Supports Windows 8/10 Android 5.0+ MAC OS 9.0+ Apple iOS 13+ (Black),1499.0,85,In stock
"Dell KM5221W Pro Wireless Keyboard and Mouse Combo, Programmable Keys and Battery Indicator Light - Black",2799.0,1379,In stock
RAEGR RapidGear X70 USB Gaming Keyboard and Mouse Set | Made of Aluminium Body | 4 Choices of Adjustable DPI | 3 Rainbow Lighting Modes|Gaming Mouse for PC/Laptop/Mac - RG10359 (Grey),1484.0,221,In stock
"ZEBRONICS Zeb-Companion 500 2.4GHz Wireless Keyboard & Mouse Combo, USB Nano & Zeb Wonderbar 10 USB Powered 2.0 Computer Speaker with RGB Lights",1847.0,2712,In stock
"Portronics Key7 Combo Wireless Keyboard & Mouse Set with 2.4 GHz USB Receiver, 10m Working Range, 12 Shortcut Keys, Adjustable DPI, 10 Million Key Life & Click Life for PC, Laptop, Mac (Black)",799.0,37,In stock
"Amazon Basics Wireless Keyboard and Mouse Combo for Windows, 2.4 GHz Wireless, Spill-Resistant Design, 8 Multimedia & Shortcut Keys, PC, Computer Laptop, Notebook (Black)",1259.0,434,In stock
